{
  "hash": "8b7e987f",
  "configHash": "6edf4a99",
  "lockfileHash": "9472042a",
  "browserHash": "91584ee3",
  "optimized": {
    "@angular/common": {
      "src": "../../../../../node_modules/@angular/common/fesm2022/common.mjs",
      "file": "@angular_common.js",
      "fileHash": "a97fd714",
      "needsInterop": false
    },
    "@angular/core": {
      "src": "../../../../../node_modules/@angular/core/fesm2022/core.mjs",
      "file": "@angular_core.js",
      "fileHash": "7b44a0e6",
      "needsInterop": false
    },
    "@angular/platform-browser": {
      "src": "../../../../../node_modules/@angular/platform-browser/fesm2022/platform-browser.mjs",
      "file": "@angular_platform-browser.js",
      "fileHash": "a84bd2ab",
      "needsInterop": false
    },
    "@angular/router": {
      "src": "../../../../../node_modules/@angular/router/fesm2022/router.mjs",
      "file": "@angular_router.js",
      "fileHash": "eb0f677d",
      "needsInterop": false
    }
  },
  "chunks": {
    "chunk-EELNKDCN": {
      "file": "chunk-EELNKDCN.js"
    },
    "chunk-LQX65BWK": {
      "file": "chunk-LQX65BWK.js"
    },
    "chunk-7XNSWP76": {
      "file": "chunk-7XNSWP76.js"
    }
  }
}